open_time,open,high,low,close,volume
1751644800000,146.56,148.37,145.22,147.7,690829.824
1751673600000,147.69,148.56,146.72,147.86,393923.306
1751702400000,147.85,148.7,146.81,147.12,402563.098
1751731200000,147.11,148.02,145.9,147.55,377477.456
1751760000000,147.55,148.5,146.85,147.9,323755.72
1751788800000,147.89,152.09,146.78,151.53,1125761.386
1751817600000,151.53,153.89,150.68,151.86,1037342.612
1751846400000,151.86,152.9,150.24,152.38,513659.645
1751875200000,152.37,153.6,151.02,151.07,684095.507
1751904000000,151.07,151.59,147.7,148.88,976972.571
1751932800000,148.89,150.1,147.85,149.66,487214.13
1751961600000,149.65,152.88,149.54,149.83,1092721.755
1751990400000,149.84,152.83,149.03,151.67,1132933.438
1752019200000,151.68,153.88,150.53,153.01,772134.489
1752048000000,153.01,155.53,152.33,153.97,1046602.731
1752076800000,153.98,157.93,153.23,157.05,1088482.528
1752105600000,157.06,159.34,155.93,157.89,644770.73
1752134400000,157.9,159.17,155.64,156.43,765284.672
1752163200000,156.44,165.43,156.16,164.34,2018326.947
1752192000000,164.33,166.8,161.94,163.27,1275486.359
1752220800000,163.28,168.2,161.78,162.34,1757992.038
1752249600000,162.34,165.03,159.54,162.93,1320701.316
1752278400000,162.92,163.9,161.78,163.22,515267.266
1752307200000,163.21,163.43,157.74,158.14,1079900.513
1752336000000,158.14,160.94,157.93,160.69,448044.163
1752364800000,160.7,162.98,160.2,162.67,447367.628
1752393600000,162.67,164.19,161.57,162.04,630585.994
1752422400000,162.04,163.55,159.63,161.15,851792.229
1752451200000,161.15,168.65,160.61,167.25,1689559.593
1752480000000,167.26,168.6,163.04,163.96,1335001.368
1752508800000,163.96,165.35,161.67,162.21,949145.572
1752537600000,162.21,162.89,158.17,159.54,1077162.778
1752566400000,159.54,162.17,157.23,160.47,1298798.356
1752595200000,160.46,164.26,159.71,163.98,1289334.619
1752624000000,163.98,165.26,161.51,164.05,794904.883
1752652800000,164.05,168.84,163.81,168.45,1851641.368
1752681600000,168.45,176.0,168.4,173.63,2373741.872
1752710400000,173.62,174.85,168.71,174.02,1322235.981
1752739200000,174.02,178.19,172.67,174.13,1664172.387
1752768000000,174.12,177.4,171.21,175.87,1505147.359
1752796800000,175.88,184.67,175.29,180.94,2279139.801
1752825600000,180.93,182.02,174.86,177.02,1761456.738
1752854400000,177.02,179.11,173.24,177.28,1151256.629
1752883200000,177.28,177.77,174.0,176.99,645803.577
1752912000000,176.99,177.88,174.8,177.4,699417.937
1752940800000,177.41,178.61,174.91,176.96,714093.494
1752969600000,176.97,179.75,176.33,177.94,987822.713
1752998400000,177.95,183.17,177.95,181.96,1299060.614
1753027200000,181.97,183.66,177.8,181.43,1407971.588
1753056000000,181.44,191.08,178.25,190.07,1833875.393
1753084800000,190.06,199.28,189.69,196.79,2812080.749
1753113600000,196.79,197.78,193.01,195.72,1849951.037
1753142400000,195.72,204.67,193.75,198.1,3978343.537
1753171200000,198.1,204.99,194.05,201.83,2963731.927
1753200000000,201.82,206.3,198.39,205.7,1693551.709
1753228800000,205.7,205.75,198.88,199.46,1088321.11
1753257600000,199.47,200.0,187.61,192.72,2497684.51
1753286400000,192.72,192.75,183.97,189.4,1962131.879
1753315200000,189.4,191.87,179.21,184.21,1777967.529
1753344000000,184.2,191.76,182.92,188.53,1813051.419
1753372800000,188.54,190.04,182.01,182.87,1626045.923
1753401600000,182.88,183.54,175.63,177.51,1839621.983
1753430400000,177.51,182.08,176.24,178.2,1614679.883
1753459200000,178.19,186.85,177.47,186.76,1027008.574
1753488000000,186.75,187.14,184.48,186.43,561623.488
1753516800000,186.43,189.78,186.05,187.52,733954.138
1753545600000,187.53,187.8,184.29,184.88,477876.249
1753574400000,184.89,188.33,184.53,187.22,441054.551
1753603200000,187.22,188.57,184.9,186.47,650152.046
1753632000000,186.48,190.7,185.95,188.64,1141853.536
1753660800000,188.64,195.26,187.66,192.37,1306003.629
1753689600000,192.36,193.52,186.55,187.18,1378386.444
1753718400000,187.18,187.99,182.16,183.11,1383482.054
1753747200000,183.1,186.68,180.67,186.05,957653.117
1753776000000,186.04,186.51,179.23,180.81,918721.448
1753804800000,180.81,182.37,178.3,181.48,665537.471
1753833600000,181.47,182.56,178.81,180.83,587787.884
1753862400000,180.83,181.49,176.42,179.18,1252387.407
1753891200000,179.17,180.15,170.29,177.77,1457074.896
1753920000000,177.77,181.62,177.62,181.24,602035.445
1753948800000,181.24,182.7,175.25,177.35,963062.136
1753977600000,177.34,179.77,171.44,172.22,1059744.202
1754006400000,172.22,172.26,167.42,169.4,1479952.171
1754035200000,169.41,170.35,164.58,168.57,1313417.019
1754064000000,168.56,169.75,159.2,162.71,1524160.125
1754092800000,162.71,165.3,161.82,164.43,489364.111
1754121600000,164.44,165.13,161.03,161.5,485160.561
1754150400000,161.51,162.2,155.83,158.48,1233650.403
1754179200000,158.49,161.59,156.28,161.37,569374.175
1754208000000,161.37,162.9,160.37,162.11,662667.82
1754236800000,162.1,163.14,160.75,161.97,1065867.316
1754265600000,161.98,164.98,161.26,163.03,690562.91
1754294400000,163.04,166.91,161.64,165.49,1052982.586
1754323200000,165.49,169.8,165.0,169.55,945408.662
1754352000000,169.55,169.97,165.78,166.22,601318.705
1754380800000,166.21,171.73,162.9,163.78,1309881.818
1754409600000,163.77,164.94,161.3,164.09,643757.486
1754438400000,164.09,164.79,161.13,164.25,420669.615
1754467200000,164.26,169.42,162.65,169.04,855035.709
1754496000000,169.05,169.93,167.18,168.09,521786.105
1754524800000,168.1,170.45,166.7,169.99,566308.6
1754553600000,169.99,173.49,169.06,170.49,1414616.983
1754582400000,170.48,175.51,167.0,175.36,1033737.412
1754611200000,175.37,177.87,173.43,177.14,1182280.482
1754640000000,177.13,179.14,174.21,175.23,1441801.008
1754668800000,175.23,179.66,175.01,176.78,1054709.165
1754697600000,176.79,182.15,176.64,180.62,1165322.141
1754726400000,180.62,183.35,178.92,180.09,1183766.644
1754755200000,180.1,183.45,179.46,179.95,976415.602
1754784000000,179.96,186.18,177.66,178.94,2018727.8
1754812800000,178.94,182.4,177.51,181.54,1177168.81
1754841600000,181.54,183.94,181.21,182.66,1001390.677
1754870400000,182.67,186.8,181.27,182.97,1435050.726
1754899200000,182.97,184.67,177.23,180.19,1405113.931
1754928000000,180.19,181.77,173.43,174.84,1120578.874
1754956800000,174.83,176.74,173.6,175.9,674740.678
1754985600000,175.9,182.1,173.72,181.7,1735595.202
1755014400000,181.7,193.76,180.77,191.78,2664012.277
1755043200000,191.77,200.1,191.48,198.74,2742616.368
1755072000000,198.74,204.96,194.15,197.44,3025919.511
1755100800000,197.43,203.33,197.01,201.51,1380190.4
1755129600000,201.51,209.86,200.59,205.66,2829514.017
1755158400000,205.67,205.85,186.68,194.85,4532020.063
1755187200000,194.86,195.51,187.32,192.47,1604073.234
1755216000000,192.46,198.07,191.94,196.95,1121661.7
1755244800000,196.95,197.59,184.36,185.55,1847687.328
1755273600000,185.55,188.26,183.3,185.72,1390938.368
1755302400000,185.71,189.65,185.34,189.12,798993.362
1755331200000,189.12,189.47,185.2,188.79,903160.282
1755360000000,188.78,190.06,187.08,189.6,397664.804
1755388800000,189.61,193.55,187.35,191.88,734193.682
1755417600000,191.89,195.49,191.53,195.47,806224.826
1755446400000,195.48,195.89,189.94,190.99,721137.048
1755475200000,191.0,191.33,180.22,180.62,1701773.019
1755504000000,180.63,183.34,180.0,183.1,976877.444
1755532800000,183.1,185.7,181.76,182.94,695424.234
1755561600000,182.94,185.87,177.32,180.11,1136843.009
1755590400000,180.12,183.42,177.46,177.98,1086468.456
1755619200000,177.98,179.54,175.69,176.22,1036778.494
1755648000000,176.22,181.7,176.04,180.53,807929.26
1755676800000,180.53,185.06,177.53,183.03,1515857.046
1755705600000,183.02,187.97,182.59,187.94,1141171.368
1755734400000,187.95,190.1,185.51,186.98,1206206.868
1755763200000,186.99,187.04,181.44,181.65,1070872.213
1755792000000,181.65,182.93,179.43,180.29,637432.522
1755820800000,180.3,184.36,180.0,183.98,664643.162
1755849600000,183.97,195.42,177.27,193.47,3672877.576
1755878400000,193.48,202.4,193.48,200.69,2256597.651
1755907200000,200.69,208.62,195.26,205.18,2807982.183
1755936000000,205.18,205.66,200.58,202.58,1500738.609
1755964800000,202.57,204.86,202.2,204.14,479919.967
1755993600000,204.15,211.99,204.14,206.66,2168557.599
1756022400000,206.67,209.35,203.41,205.62,1669390.417
1756051200000,205.62,211.97,201.09,205.98,3327701.222
1756080000000,205.99,213.6,198.69,199.82,3069800.473
1756108800000,199.81,200.8,195.0,196.56,2471537.264
1756137600000,196.57,198.36,185.33,187.2,2411763.016
1756166400000,187.19,189.92,185.58,188.92,1627780.609
1756195200000,188.92,192.55,186.67,190.77,1773669.741
1756224000000,190.76,198.1,190.58,195.86,1332969.172
1756252800000,195.85,205.7,193.78,202.43,2415521.812
1756281600000,202.44,209.4,201.48,208.66,2252539.819
1756310400000,208.66,212.08,202.57,202.95,3167078.523
1756339200000,202.95,213.33,201.72,213.11,2221462.439
1756368000000,213.11,216.89,210.2,211.06,3382867.153
1756396800000,211.06,215.73,207.17,214.43,1642976.954
1756425600000,214.43,218.0,207.8,208.77,3230669.472
1756454400000,208.78,214.94,203.81,204.46,3522898.234
1756483200000,204.46,205.5,199.85,205.08,1853918.891
1756512000000,205.09,207.06,200.68,205.14,1652063.781
1756540800000,205.13,205.56,197.52,201.05,1581461.696
1756569600000,201.05,203.33,199.74,202.7,661050.638
1756598400000,202.7,206.66,202.69,203.55,1226522.289
1756627200000,203.56,206.0,201.5,204.58,1055739.732
1756656000000,204.58,205.99,200.28,200.62,1020961.927
1756684800000,200.62,202.93,196.03,202.92,1818549.678
1756713600000,202.92,204.58,197.67,198.37,1425280.74
1756742400000,198.36,200.17,194.19,197.32,1220937.355
1756771200000,197.32,204.45,196.77,202.12,1257161.101
1756800000000,202.12,205.15,197.37,200.3,1922146.589
1756828800000,200.29,209.68,199.48,209.65,1715329.859
1756857600000,209.64,211.97,207.42,209.36,1639463.126
1756886400000,209.36,213.02,208.15,211.37,1740132.81
1756915200000,211.37,211.97,208.38,210.77,683595.747
1756944000000,210.77,211.94,205.68,206.68,842382.21
1756972800000,206.68,208.79,203.38,203.76,1064365.764
1757001600000,203.77,205.18,201.84,202.32,820031.303
1757030400000,202.32,208.43,200.95,207.87,1106287.08
1757059200000,207.87,210.0,201.61,203.56,2180069.692
1757088000000,203.55,205.69,201.91,203.36,835038.483
1757116800000,203.37,204.68,202.07,203.03,490084.065
1757145600000,203.03,203.56,201.01,201.26,477292.584
1757174400000,201.26,202.37,199.32,200.16,514124.348
1757203200000,200.17,203.3,200.12,202.99,373785.434
1757232000000,203.0,205.55,202.72,205.2,581253.472
1757260800000,205.2,207.95,201.48,206.35,1262471.857
1757289600000,206.35,209.0,205.59,207.92,1232524.5
1757318400000,207.91,216.83,207.39,215.04,2988912.915
1757347200000,215.04,217.11,213.55,214.11,1508241.52
1757376000000,214.11,219.79,210.79,219.23,1759521.5
1757404800000,219.23,219.5,211.69,213.07,2019421.487
1757433600000,213.07,217.8,213.0,217.21,1200361.726
1757462400000,217.22,222.89,215.09,222.25,1616634.671
1757491200000,222.25,226.0,218.77,223.17,2250261.353
1757520000000,223.16,224.65,220.53,224.07,957289.188
1757548800000,224.06,225.59,221.72,223.23,936100.278
1757577600000,223.23,228.95,222.28,226.82,2176710.822
1757606400000,226.82,228.94,225.3,228.73,1239545.901
1757635200000,228.73,239.86,228.11,237.33,2584195.562
1757664000000,237.33,241.84,236.72,239.31,1652121.479
1757692800000,239.32,244.04,237.94,242.18,1655336.89
1757721600000,242.18,244.14,240.68,242.46,1126920.545
1757750400000,242.45,243.72,237.93,239.43,1245325.222
1757779200000,239.43,243.18,235.73,242.38,933415.498
1757808000000,242.38,249.6,242.2,246.39,1579476.763
1757836800000,246.4,248.09,241.53,243.81,1236992.905
1757865600000,243.81,248.45,239.23,239.76,1348701.46
1757894400000,239.75,244.0,236.17,237.98,1156760.569
1757923200000,237.98,238.16,231.55,233.0,2571777.964
1757952000000,233.0,235.37,230.15,234.31,1005051.086
1757980800000,234.32,237.03,232.87,235.77,846248.825
1758009600000,235.77,238.09,231.26,237.79,1162522.765
1758038400000,237.79,240.95,236.24,236.96,1172855.47
1758067200000,236.96,238.09,233.2,237.69,1016502.389
1758096000000,237.69,237.73,233.56,233.9,867765.924
1758124800000,233.9,246.62,232.23,244.84,2887261.18
1758153600000,244.84,247.99,242.58,244.75,1218690.98
1758182400000,244.75,248.99,244.34,248.24,1223072.756
1758211200000,248.25,253.51,245.88,247.5,1475127.172
1758240000000,247.5,248.57,242.83,243.82,1077655.208
1758268800000,243.81,244.83,235.81,237.54,1486014.287
1758297600000,237.54,238.87,235.12,238.53,821316.203
1758326400000,238.53,239.96,237.36,239.78,480692.104
1758355200000,239.77,241.22,236.91,240.1,669588.689
1758384000000,240.11,241.1,237.97,239.48,400208.422
1758412800000,239.48,241.82,238.96,239.87,469102.331
1758441600000,239.87,240.28,237.1,237.91,413442.297
1758470400000,237.91,238.41,235.32,236.16,509893.348
1758499200000,236.16,236.96,214.5,221.88,2965868.08
1758528000000,221.88,224.03,219.32,220.73,1600454.567
1758556800000,220.73,221.53,216.45,220.38,1270271.056
1758585600000,220.39,221.41,212.34,219.0,1515505.874
1758614400000,219.0,220.86,216.97,219.28,871574.89
1758643200000,219.27,221.71,212.96,213.3,1061827.704
1758672000000,213.29,216.45,204.81,210.63,2662025.367
1758700800000,210.63,216.24,209.83,213.61,1130576.607
1758729600000,213.6,215.51,210.72,211.6,634855.552
1758758400000,211.61,212.44,202.76,204.19,1816328.256
1758787200000,204.19,205.91,197.03,201.15,2087353.874
1758816000000,201.14,201.95,191.32,192.74,2857575.161
1758844800000,192.73,197.55,192.53,196.31,1520249.347
1758873600000,196.31,198.31,190.8,196.02,2364429.081
1758902400000,196.02,205.52,195.81,205.17,1738524.446
1758931200000,205.16,205.43,201.52,202.05,845927.383
1758960000000,202.05,203.77,199.88,203.52,677081.721
1758988800000,203.52,204.89,200.85,203.46,581924.311
1759017600000,203.47,204.07,200.38,202.1,523972.969
1759046400000,202.1,203.55,198.0,203.42,725838.062
1759075200000,203.43,211.0,203.26,210.83,944449.043
1759104000000,210.83,210.89,207.37,208.95,862986.491
1759132800000,208.94,213.5,204.58,210.07,1425482.145
1759161600000,210.07,214.74,207.67,212.75,924630.215
1759190400000,212.74,213.67,208.55,209.0,835299.279
1759219200000,208.99,209.64,204.65,206.0,1159990.527
1759248000000,205.99,210.98,204.29,208.68,1269491.679
1759276800000,208.68,210.9,206.31,210.18,1014056.643
1759305600000,210.18,220.66,209.86,220.25,2074710.161
1759334400000,220.24,222.77,217.34,222.04,961494.117
1759363200000,222.04,226.74,219.52,222.9,1425087.228
1759392000000,222.91,227.44,222.61,227.18,1440777.166
1759420800000,227.19,234.99,226.24,234.74,1724831.994
1759449600000,234.74,234.84,227.68,229.41,1010114.211
1759478400000,229.42,234.98,227.13,234.79,1491904.348
1759507200000,234.79,237.0,228.33,232.84,1714593.055
1759536000000,232.84,234.05,227.93,229.11,642720.771
1759564800000,229.1,229.92,224.31,224.88,711669.479
1759593600000,224.87,228.29,224.07,227.86,487020.355
1759622400000,227.86,236.93,226.45,236.59,1370799.96
1759651200000,236.58,237.22,228.42,230.14,1080981.983
1759680000000,230.13,231.47,226.7,228.56,647851.583
1759708800000,228.56,234.86,227.55,231.36,1010076.098
1759737600000,231.37,236.67,231.37,235.64,1057311.95
1759766400000,235.64,237.79,231.64,232.35,914540.327
1759795200000,232.35,235.21,229.41,231.01,1008014.803
1759824000000,231.01,231.64,220.8,223.79,2182381.244
1759852800000,223.79,225.31,219.7,219.97,1210649.71
1759881600000,219.98,222.78,217.3,220.95,1027479.05
1759910400000,220.95,224.18,218.78,221.19,976411.631
1759939200000,221.2,229.72,220.71,229.02,1099869.964
1759968000000,229.03,229.69,223.84,224.5,1017373.314
1759996800000,224.49,226.32,218.62,219.11,1368314.812
1760025600000,219.11,221.64,216.53,220.93,887265.305
1760054400000,220.93,222.9,217.92,218.12,760812.969
1760083200000,218.13,224.46,209.01,210.7,2129451.09
1760112000000,210.69,213.06,168.79,188.43,6732571.37
1760140800000,188.43,191.05,180.0,182.75,3234999.848
1760169600000,182.75,189.5,180.77,183.71,2176592.738
1760198400000,183.71,184.64,172.58,177.62,1880794.662
1760227200000,177.63,182.97,173.0,182.55,1685959.614
1760256000000,182.54,191.8,178.2,191.23,2519600.552
1760284800000,191.23,199.0,191.22,197.0,2281439.555
1760313600000,196.99,199.99,192.91,196.81,1557095.523
1760342400000,196.8,198.68,190.02,196.42,2169924.211
1760371200000,196.42,209.28,196.23,208.69,2526141.777
1760400000000,208.69,211.25,192.0,194.47,2805897.293
1760428800000,194.46,202.64,191.03,202.22,2606022.621
1760457600000,202.23,206.48,197.05,202.44,1937247.961
1760486400000,202.45,205.82,200.47,204.66,1406041.184
1760515200000,204.65,208.91,196.18,197.13,2410252.679
1760544000000,197.14,198.73,192.04,193.84,1552861.576
1760572800000,193.84,196.19,191.38,192.93,1079118.965
1760601600000,192.93,198.42,186.37,187.61,2396817.281
1760630400000,187.61,192.33,182.03,184.85,1928704.417
1760659200000,184.84,187.55,177.34,177.75,1852703.026
1760688000000,177.75,182.82,174.06,182.72,2979048.848
1760716800000,182.71,186.04,181.42,181.96,1271157.003
1760745600000,181.97,188.26,181.75,186.27,947864.94
1760774400000,186.26,187.4,183.96,185.03,691653.285
1760803200000,185.04,187.84,183.2,187.56,466322.87
1760832000000,187.55,187.87,184.88,185.9,418836.702
1760860800000,185.89,191.7,183.19,190.78,1355523.723
1760889600000,190.77,192.29,186.83,187.86,709604.175
1760918400000,187.86,194.5,183.82,193.02,1307554.6
1760947200000,193.02,194.18,190.44,190.5,851592.961
1760976000000,190.51,191.18,185.56,189.71,1018853.938
1761004800000,189.71,190.21,182.72,185.03,1187306.018
1761033600000,185.04,197.15,183.77,196.22,1572930.287
1761062400000,196.22,197.71,185.11,185.63,1890846.316
1761091200000,185.62,187.45,183.28,185.01,1047037.534
1761120000000,185.01,186.91,181.28,183.98,1433173.59
1761148800000,183.99,184.96,177.04,180.12,1496793.591
1761177600000,180.13,188.0,179.68,187.48,843367.935
1761206400000,187.48,192.62,186.6,191.04,1674808.554
1761235200000,191.04,193.45,188.31,191.35,983782.626
1761264000000,191.36,194.6,190.82,192.15,925590.131
1761292800000,192.15,197.0,188.83,189.45,1657064.455
1761321600000,189.45,194.14,188.83,193.59,774108.04
1761350400000,193.58,194.91,192.45,193.96,539565.132
1761379200000,193.97,195.25,191.19,191.89,651484.477
1761408000000,191.88,194.91,191.42,193.84,435789.329
1761436800000,193.84,194.36,191.9,193.86,370880.532
1761465600000,193.85,199.96,193.73,199.53,1246735.564
1761494400000,199.53,202.43,196.86,200.03,960134.034
1761523200000,200.03,205.33,199.48,202.51,1296452.81
1761552000000,202.5,202.54,198.02,200.11,1222098.884
1761580800000,200.11,203.25,197.34,198.7,997057.693
1761609600000,198.71,203.0,198.41,202.35,952538.224
1761638400000,202.36,203.99,196.58,198.85,1660365.705
1761667200000,198.86,201.28,190.22,194.15,1716266.032
1761696000000,194.16,196.07,192.68,195.65,627221.385
1761724800000,195.65,201.7,193.78,196.78,1560488.139
1761753600000,196.78,198.77,189.37,193.88,2433178.305
1761782400000,193.89,198.19,190.35,195.8,1491722.905
1761811200000,195.79,196.11,184.49,185.02,1888877.495
1761840000000,185.01,186.35,178.65,184.69,1673937.863
1761868800000,184.69,187.03,183.7,185.36,1089281.659
1761897600000,185.36,190.26,184.58,188.13,1260162.426
1761926400000,188.12,189.04,184.38,187.21,843949.755
1761955200000,187.21,187.55,185.0,185.8,484305.249
1761984000000,185.79,186.72,183.79,186.42,566461.524
1762012800000,186.42,187.12,184.87,186.35,433738.447
1762041600000,186.35,188.34,184.66,187.72,498836.859
1762070400000,187.72,187.95,183.53,183.77,713428.931
1762099200000,183.77,188.1,182.0,187.71,549031.767
1762128000000,187.71,189.13,174.22,176.5,1958040.166
1762156800000,176.51,176.95,165.0,166.79,3337307.383
1762185600000,166.79,171.0,163.15,166.06,2032265.514
1762214400000,166.06,168.42,155.87,157.07,2183514.311
1762243200000,157.07,165.27,156.41,161.5,1946148.225
1762272000000,161.5,162.36,145.85,155.03,4158915.029
1762300800000,155.04,158.62,147.29,156.47,1930247.801
1762329600000,156.47,160.57,153.67,160.5,1536573.61
1762358400000,160.5,163.97,158.57,162.37,1183710.277
1762387200000,162.37,162.91,158.25,158.84,1021953.541
1762416000000,158.84,161.51,155.4,155.92,1395431.412
1762444800000,155.92,158.67,153.45,155.28,1159368.374
1762473600000,155.27,158.62,154.22,157.79,860111.148
1762502400000,157.79,158.21,149.82,155.42,1765008.894
1762531200000,155.42,164.48,154.4,161.79,1587957.93
1762560000000,161.8,164.89,159.58,161.06,893338.582
1762588800000,161.05,162.34,155.9,156.65,994329.423
1762617600000,156.65,158.44,155.8,158.02,615259.235
1762646400000,158.01,159.58,155.11,159.3,735947.078
1762675200000,159.29,163.98,157.28,162.53,1415073.643
1762704000000,162.53,166.57,161.23,164.53,1080768.854
1762732800000,164.53,168.92,163.42,167.38,1185812.5
1762761600000,167.38,170.48,165.2,166.26,1445107.571
1762790400000,166.26,168.49,164.81,167.31,998041.055
1762819200000,167.31,171.94,163.57,163.98,1676512.901
1762848000000,163.98,164.97,160.0,160.89,1757285.754
1762876800000,160.88,161.22,153.93,154.63,1268305.558
1762905600000,154.63,156.57,153.59,155.02,1131622.959
1762934400000,155.03,161.14,155.0,155.73,1661912.531
1762963200000,155.73,156.21,151.2,153.42,1345669.977
1762992000000,153.43,157.2,150.42,155.31,1335189.731
1763020800000,155.3,156.96,152.26,153.13,1279950.189
1763049600000,153.12,153.41,141.04,144.73,2803049.777
1763078400000,144.74,145.68,138.71,142.85,2122339.167
1763107200000,142.85,143.76,135.76,142.23,2876797.042
1763136000000,142.23,144.22,137.2,138.92,1177288.938
1763164800000,138.93,143.59,138.75,142.76,806913.721
1763193600000,142.75,142.84,139.97,141.72,704115.736
1763222400000,141.72,144.69,138.61,139.61,840448.565
1763251200000,139.6,142.46,137.39,142.31,658400.054
1763280000000,142.31,143.38,137.15,137.48,936858.381
1763308800000,137.47,138.51,134.42,137.17,1790175.849
1763337600000,137.17,141.85,136.09,141.33,1059896.766
1763366400000,141.33,143.28,136.8,137.16,1904563.817
1763395200000,137.16,137.21,128.82,130.99,2660260.192
1763424000000,131.0,137.81,129.0,136.92,2676736.213
1763452800000,136.93,142.17,136.47,139.7,1786443.149
1763481600000,139.7,142.12,138.77,140.69,1065669.448
1763510400000,140.68,142.84,137.12,140.58,1280622.994
1763539200000,140.57,141.03,134.42,134.62,1369663.157
1763568000000,134.61,137.06,130.53,137.06,1618180.893
1763596800000,137.06,144.8,136.38,143.8,2099334.654
1763625600000,143.8,143.96,138.35,138.57,1604697.696
1763654400000,138.56,138.74,131.11,133.67,3344221.874
1763683200000,133.67,135.06,122.2,127.55,2794666.468
1763712000000,127.55,129.61,121.66,125.41,3756902.194
1763740800000,125.4,130.62,123.58,128.68,1734317.031
1763769600000,128.69,129.94,125.35,127.74,996518.883
1763798400000,127.74,127.79,125.08,127.13,915723.497
1763827200000,127.13,128.92,126.1,127.59,700245.479
1763856000000,127.6,131.9,127.56,128.86,982282.2
1763884800000,128.86,133.13,128.83,132.87,1060693.031
1763913600000,132.88,133.54,130.52,130.58,775739.959
1763942400000,130.58,134.41,129.31,130.34,1403646.922
1763971200000,130.33,132.6,128.44,131.94,1353614.455
1764000000000,131.93,139.87,131.82,138.44,1987595.669
1764028800000,138.43,138.99,136.3,136.33,623017.471
1764057600000,136.33,136.98,133.13,134.86,1289904.332
1764086400000,134.86,140.5,134.24,138.96,1081898.05
1764115200000,138.96,140.68,137.72,139.89,889382.26
1764144000000,139.88,139.93,135.5,136.66,1370365.789
1764172800000,136.67,144.75,136.46,143.02,1762114.621
1764201600000,143.01,144.29,142.07,143.77,762952.457
1764230400000,143.77,143.9,140.67,142.15,732742.149
1764259200000,142.15,143.15,140.47,140.85,835978.583
1764288000000,140.85,141.45,138.59,138.97,751520.39
1764316800000,138.98,143.6,138.95,141.61,1551941.533
1764345600000,141.62,141.65,136.01,137.33,1199048.108
1764374400000,137.33,137.89,136.22,137.28,563233.06
1764403200000,137.28,137.66,136.39,137.58,499484.922
1764432000000,137.58,138.1,134.76,135.91,796603.189
1764460800000,135.92,136.95,135.25,136.53,668513.489
1764489600000,136.52,140.19,136.12,138.33,956022.782
1764518400000,138.34,139.82,133.26,133.48,983629.058
1764547200000,133.48,133.74,125.81,127.42,2124292.843
1764576000000,127.41,128.09,123.11,125.11,1446113.423
1764604800000,125.11,127.43,123.27,126.66,1437097.791
1764633600000,126.66,128.54,126.02,127.26,746471.772
1764662400000,127.26,139.87,126.01,137.84,2307762.38
1764691200000,137.83,140.88,137.38,138.68,1968622.595
1764720000000,138.67,144.26,137.76,141.88,1346705.967
1764748800000,141.89,143.59,138.78,141.0,1085975.865
1764777600000,141.0,146.08,139.87,144.67,1521462.973
1764806400000,144.67,146.91,142.64,143.47,798266.629
1764835200000,143.47,144.26,141.44,143.21,914820.485
1764864000000,143.2,143.85,137.8,139.01,981155.127
1764892800000,139.01,140.75,137.77,139.68,771511.87
1764921600000,139.67,139.67,134.41,135.05,1415106.015
1764950400000,135.04,135.2,130.73,133.29,1180741.258
1764979200000,133.29,134.13,132.56,132.72,338893.048
1765008000000,132.73,133.99,131.88,132.87,463448.538
1765036800000,132.88,133.54,131.28,132.19,539253.845
1765065600000,132.2,133.59,131.91,132.08,346873.13
1765094400000,132.09,133.07,127.7,132.03,1262149.929
1765123200000,132.03,136.35,129.8,132.24,1522781.432
1765152000000,132.25,136.0,131.52,135.85,728416.017
1765180800000,135.85,139.36,135.24,135.55,1313029.117
1765209600000,135.54,136.54,132.45,133.25,1203670.292
1765238400000,133.24,134.42,131.77,133.2,754771.022
1765267200000,133.21,138.5,131.62,138.45,1103034.272
1765296000000,138.46,144.93,136.71,137.88,2650716.74
1765324800000,137.87,140.22,137.19,139.2,1032194.857
1765353600000,139.2,139.88,135.71,136.17,998773.969
1765382400000,136.16,142.57,135.39,136.26,2489261.45
1765411200000,136.26,136.43,129.0,131.03,1790902.626
1765440000000,131.03,132.82,129.84,131.18,888723.33
1765468800000,131.17,137.79,130.12,136.41,1698071.08
1765497600000,136.41,140.12,135.35,139.09,1037795.679
1765526400000,139.09,139.86,132.85,133.49,1502333.033
1765555200000,133.48,133.95,130.35,132.27,1465479.55
1765584000000,132.28,133.02,132.28,132.93,375157.067
1765612800000,132.94,134.28,132.61,133.31,571692.508
1765641600000,133.3,133.82,131.6,133.14,525634.16
1765670400000,133.13,133.66,132.08,133.29,347550.085
1765699200000,133.28,133.5,130.14,130.67,720640.79
1765728000000,130.67,131.6,127.98,129.4,663423.762
1765756800000,129.39,133.25,129.29,132.34,715597.541
1765785600000,132.34,135.43,126.45,126.89,1691026.412
1765814400000,126.89,127.87,123.63,127.81,1515807.047
1765843200000,127.81,128.03,124.87,125.57,692050.531
1765872000000,125.57,130.14,125.43,129.75,1406530.259
1765900800000,129.75,129.85,126.77,129.15,786203.208
1765929600000,129.15,129.82,127.02,128.27,487660.166
1765958400000,128.26,133.99,125.96,126.77,2100211.181
1765987200000,126.76,127.98,121.36,123.27,1937708.869
1766016000000,123.28,124.16,122.21,122.83,543176.529
1766044800000,122.83,129.05,122.46,127.4,1724804.718
1766073600000,127.41,127.5,116.88,119.6,2522813.761
1766102400000,119.6,125.34,117.61,124.44,1387309.119
1766131200000,124.43,127.66,123.86,125.09,1462540.425
1766160000000,125.09,127.87,123.59,126.27,1240699.048
1766188800000,126.27,126.69,125.3,126.17,382618.068
1766217600000,126.18,126.89,125.45,126.58,484562.686
1766246400000,126.59,126.71,125.63,125.81,362172.832
1766275200000,125.8,126.11,124.68,125.3,390408.583
1766304000000,125.29,126.62,123.4,125.05,827766.795
1766332800000,125.05,126.35,124.37,126.03,593927.811
1766361600000,126.03,128.56,124.5,126.31,843528.242
1766390400000,126.3,128.78,125.49,128.07,923591.181
1766419200000,128.07,128.37,124.2,125.93,900469.723
1766448000000,125.93,126.93,123.77,124.19,608281.196
1766476800000,124.19,125.23,122.16,123.37,863912.333
1766505600000,123.36,125.65,122.78,124.01,967837.343
1766534400000,124.02,124.3,120.63,121.31,584700.869
1766563200000,121.32,122.94,120.7,122.73,558151.152
1766592000000,122.73,123.46,121.77,122.53,462598.477
1766620800000,122.52,123.15,122.09,122.27,316586.979
1766649600000,122.27,124.1,121.31,123.68,526233.329
1766678400000,123.68,124.46,119.71,120.06,975504.84
1766707200000,120.05,124.39,119.24,122.72,1425030.62
1766736000000,122.71,125.14,120.45,121.55,1367850.596
1766764800000,121.55,122.67,121.17,122.26,533635.346
1766793600000,122.27,123.8,121.86,123.16,499313.247
1766822400000,123.15,123.66,122.51,123.31,258804.994
1766851200000,123.32,125.08,122.76,124.73,599683.871
1766880000000,124.74,124.9,123.61,124.23,320881.041
1766908800000,124.23,125.03,124.0,124.44,456974.794
1766937600000,124.44,125.64,123.08,125.27,1051104.616
1766966400000,125.27,130.16,125.01,127.88,2111640.589
1766995200000,127.88,128.47,122.36,123.44,1606015.38
1767024000000,123.43,123.98,122.63,123.28,589939.136
1767052800000,123.28,124.35,122.58,124.02,505037.716
1767081600000,124.02,125.35,123.54,125.16,960921.112
1767110400000,125.16,126.52,123.5,125.01,1014672.688
1767139200000,125.02,126.1,124.41,125.99,589729.312
1767168000000,125.99,127.44,125.01,125.59,738653.142
1767196800000,125.58,132.75,122.99,124.65,1613261.204
1767225600000,124.64,125.8,124.22,124.24,402315.717
1767254400000,124.24,125.29,124.15,124.96,654005.526
1767283200000,124.96,127.25,124.28,126.9,677343.735
1767312000000,126.91,127.99,125.84,127.13,560906.377
1767340800000,127.14,129.99,126.82,128.98,1253214.845
1767369600000,128.98,133.25,128.68,132.29,1110106.15
1767398400000,132.28,133.17,129.6,130.1,639162.701
1767427200000,130.09,132.18,129.8,131.47,492167.347
1767456000000,131.48,133.99,131.35,133.37,389293.451
1767484800000,133.37,135.0,133.31,133.8,699470.547
1767513600000,133.8,135.35,133.2,134.91,613949.409
1767542400000,134.91,135.54,133.12,134.12,495849.157
1767571200000,134.12,137.75,134.01,135.45,980692.118
1767600000000,135.45,136.47,133.18,136.13,1141620.207
1767628800000,136.13,139.87,134.31,137.9,1205255.159
1767657600000,137.91,140.08,136.89,137.61,848758.314
1767686400000,137.6,143.48,137.4,141.6,1580173.101
1767715200000,141.59,141.99,136.19,141.08,1342863.702
1767744000000,141.08,141.4,138.15,139.39,620550.602
1767772800000,139.39,139.8,135.25,135.7,1044880.883
1767801600000,135.7,137.05,134.41,136.39,656210.693
1767830400000,136.39,138.33,133.79,135.9,875318.379
1767859200000,135.9,136.55,132.67,136.41,987535.87
1767888000000,136.41,140.07,136.25,138.37,1250583.586
1767916800000,138.37,141.17,137.74,139.54,1029062.226
1767945600000,139.55,140.89,136.13,138.82,1586609.204
1767974400000,138.82,140.25,134.98,135.97,1162876.566
1768003200000,135.96,136.69,135.68,136.09,333746.074
1768032000000,136.09,137.05,136.0,136.42,384283.948
1768060800000,136.42,136.71,135.37,135.84,282806.982
1768089600000,135.85,136.47,135.75,136.2,259038.317
1768118400000,136.2,139.55,136.1,138.43,671486.364
1768147200000,138.44,141.6,137.49,139.7,1279388.525
1768176000000,139.69,144.4,138.92,141.41,1707915.162
1768204800000,141.42,142.74,138.69,142.58,1057321.035
1768233600000,142.58,144.33,138.34,139.22,1394883.894
1768262400000,139.21,140.76,137.82,139.97,958800.29
1768291200000,139.97,143.84,139.97,143.51,1584024.844
1768320000000,143.51,148.74,142.43,145.51,1652257.334
1768348800000,145.52,146.6,143.92,144.86,1180935.678
1768377600000,144.85,147.56,143.37,147.07,1305313.342
1768406400000,147.07,148.44,145.32,146.69,1208828.358
1768435200000,146.7,146.73,143.21,144.99,760933.152
1768464000000,145.0,146.0,141.78,143.48,1053099.202
1768492800000,143.48,144.2,140.9,142.4,648110.785
1768521600000,142.41,143.63,141.39,142.95,546393.935
1768550400000,142.95,143.86,140.26,140.78,664847.109
1768579200000,140.77,145.55,140.65,144.89,689637.982
1768608000000,144.9,144.99,143.64,143.64,271026.789
1768636800000,143.64,144.65,143.32,144.33,315090.416
1768665600000,144.33,144.58,143.51,143.72,249037.556
1768694400000,143.73,144.0,141.95,142.11,586766.242
1768723200000,142.12,142.73,141.5,142.0,397475.055
1768752000000,141.99,143.25,137.74,137.87,893197.401
1768780800000,137.87,137.87,130.0,133.47,2016088.519
1768809600000,133.47,134.37,133.27,133.55,556722.603
1768838400000,133.55,135.16,132.74,133.44,399713.648
1768867200000,133.44,134.63,130.56,130.62,867846.979
1768896000000,130.62,130.8,127.24,127.86,1543143.1
1768924800000,127.86,128.59,124.68,125.8,1121433.801
1768953600000,125.81,128.75,125.75,127.62,542465.387
1768982400000,127.61,131.18,126.17,130.43,1185205.41
1769011200000,130.43,132.17,125.26,129.54,1434065.563
1769040000000,129.53,130.62,129.53,129.81,353561.807
1769068800000,129.8,130.94,126.73,127.41,817407.283
1769097600000,127.42,129.76,126.92,128.47,640617.372
1769126400000,128.47,129.29,127.23,127.93,400321.445
1769155200000,127.93,128.1,125.28,127.9,727213.608
1769184000000,127.9,130.2,126.54,127.43,916528.024
1769212800000,127.43,128.12,126.89,127.11,295419.99
1769241600000,127.12,127.41,126.8,126.85,257089.562
1769270400000,126.85,127.76,126.64,127.21,254910.443
1769299200000,127.22,127.46,126.35,126.47,280847.441
1769328000000,126.47,127.2,125.48,125.59,422807.304
1769356800000,125.58,125.58,117.15,118.85,3837224.704
1769385600000,118.85,123.62,118.53,122.89,728027.141
1769414400000,122.9,125.2,121.76,123.53,889684.301
1769443200000,123.53,125.6,123.03,124.24,738039.921
1769472000000,124.24,125.17,123.73,124.52,419809.949
1769500800000,124.52,125.06,123.12,125.01,521747.494
1769529600000,125.01,127.84,123.55,127.19,1094951.599
1769558400000,127.18,127.54,126.45,127.1,388053.383
1769587200000,127.09,128.34,125.52,126.07,869131.174
1769616000000,126.06,127.04,124.78,125.35,740678.971
1769644800000,125.34,125.51,122.5,123.78,561455.764
1769673600000,123.78,123.93,116.12,117.69,1354967.606
1769702400000,117.69,119.96,115.39,117.82,1814190.103
1769731200000,117.82,118.14,112.14,115.78,1949892.293
1769760000000,115.78,117.64,114.58,116.8,1253138.299
1769788800000,116.8,119.12,114.34,117.59,1557976.15
1769817600000,117.6,118.85,117.2,117.37,756746.213
1769846400000,117.38,117.53,108.23,108.65,2659232.148
1769875200000,108.65,109.83,96.4,105.58,5151419.965
1769904000000,105.58,106.43,103.96,105.2,818302.612
1769932800000,105.2,106.69,100.21,101.69,1496066.861
1769961600000,101.7,104.27,98.02,100.79,1889886.578
1769990400000,100.78,103.14,95.95,101.43,3086757.719
1770019200000,101.42,106.12,101.36,104.7,1677665.36
1770048000000,104.69,105.78,103.32,104.55,809609.602
1770076800000,104.54,105.1,102.18,104.7,715523.07
1770105600000,104.7,105.04,100.41,102.56,1241778.034
1770134400000,102.56,102.56,96.64,97.89,2556717.011
1770163200000,97.89,99.67,96.46,97.9,1207209.499
1770192000000,97.91,97.96,91.31,92.79,2331544.455
1770220800000,92.8,94.71,89.3,92.12,2712705.417
1770249600000,92.11,92.89,89.68,90.54,1994512.188
1770278400000,90.55,93.43,83.44,84.61,3279317.758
1770307200000,84.61,86.2,77.6,78.35,4969525.534
1770336000000,78.34,81.65,67.5,79.59,6176092.296
1770364800000,79.6,85.19,78.67,84.49,2759357.027
1770393600000,84.48,89.84,83.66,87.46,2875646.443
1770422400000,87.45,89.04,84.16,85.29,1794271.438
1770451200000,85.29,87.2,84.51,86.57,1018226.265
1770480000000,86.56,89.2,86.17,87.59,1674151.777
1770508800000,87.59,88.22,86.63,87.42,449256.065
1770537600000,87.41,88.99,86.44,87.77,1087918.208
1770566400000,87.78,89.08,85.77,86.99,997824.41
1770595200000,86.99,87.98,85.19,85.5,1020404.777
1770624000000,85.5,85.8,82.86,85.28,1411660.491
1770652800000,85.28,88.69,84.81,86.77,1235587.148
1770681600000,86.77,87.49,84.3,84.63,899779.066
1770710400000,84.64,85.24,83.2,84.3,1253341.341
1770739200000,84.3,85.14,81.91,82.99,822091.698
1770768000000,82.99,84.39,80.28,81.0,867044.25
1770796800000,81.0,83.17,78.56,79.72,1650798.163
1770825600000,79.72,81.11,78.04,79.3,1297070.907
1770854400000,79.31,80.99,79.26,80.77,564477.837
1770883200000,80.77,82.25,80.1,80.12,1082615.404
1770912000000,80.13,80.22,76.6,78.4,1549136.876
1770940800000,78.39,79.48,77.53,78.99,714482.498
1770969600000,78.99,84.34,78.86,83.2,1447576.212
1770998400000,83.2,85.63,82.92,84.33,1208331.562
1771027200000,84.34,85.3,84.21,85.19,445463.822
1771056000000,85.19,87.69,85.16,87.44,1152563.623
1771084800000,87.44,88.9,86.99,88.06,1100579.77
1771113600000,88.06,90.98,87.31,90.74,1283726.45
1771142400000,90.74,91.26,86.66,87.42,1479654.282
1771171200000,87.41,87.88,84.89,86.16,1165704.668
1771200000000,86.15,86.63,84.47,85.06,1014838.22
1771228800000,85.07,86.93,82.55,83.21,1633541.019
1771257600000,83.21,86.66,83.1,86.45,911372.572
1771286400000,86.45,87.69,85.45,86.49,571572.38
1771315200000,86.48,86.77,82.92,83.81,1204766.856
1771344000000,83.8,85.76,83.13,85.08,998316.629
1771372800000,85.09,85.54,83.92,85.28,661592.692
1771401600000,85.28,86.09,81.72,83.01,1601745.947
1771430400000,83.0,83.09,80.48,81.61,874265.331
1771459200000,81.61,82.67,81.25,82.41,743416.973
1771488000000,82.4,82.42,79.61,80.64,1183111.4
1771516800000,80.63,82.57,79.92,82.5,921749.117
1771545600000,82.5,83.93,82.33,83.46,836891.112
1771574400000,83.45,84.84,81.77,84.38,1781082.226
1771603200000,84.38,85.49,82.82,84.67,1136583.421
1771632000000,84.68,85.03,83.97,84.24,436039.539
1771660800000,84.24,86.72,84.19,86.58,814021.43
1771689600000,86.59,86.72,85.12,85.17,530687.893
1771718400000,85.17,85.6,84.73,85.24,530423.464
1771747200000,85.25,85.47,82.98,83.5,795406.779
1771776000000,83.49,83.71,82.48,82.79,473022.353
1771804800000,82.8,82.85,77.15,79.4,2314696.487
1771833600000,79.4,81.13,78.53,79.4,1355040.413
1771862400000,79.39,79.8,77.27,77.9,1493636.483
1771891200000,77.91,78.53,75.74,76.84,1443495.521
1771920000000,76.85,77.49,75.63,77.3,1088878.366
1771948800000,77.3,79.62,77.23,78.99,1060454.489
1771977600000,78.99,82.99,78.73,82.19,1529559.791
1772006400000,82.19,86.46,81.93,85.98,1682309.629
1772035200000,85.98,92.1,85.97,88.06,2420879.995
1772064000000,88.05,89.27,87.22,87.24,1270059.616
1772092800000,87.24,88.71,85.27,86.56,1088337.182
1772121600000,86.57,86.87,84.34,85.91,998494.181
1772150400000,85.91,88.29,85.19,87.31,703210.882
1772179200000,87.31,87.93,81.95,82.7,1549373.064
1772208000000,82.7,82.7,80.32,81.85,1117915.413
1772236800000,81.84,82.27,77.12,78.71,1354484.485
1772265600000,78.7,81.51,77.74,80.92,2048254.363
1772294400000,80.91,85.65,80.5,84.35,1334961.031
1772323200000,84.35,88.9,84.25,86.63,1820913.069
1772352000000,86.63,86.98,84.51,85.67,1210957.543
1772380800000,85.67,86.1,81.69,83.6,1403323.61
1772409600000,83.61,86.18,82.38,82.95,1145272.346
1772438400000,82.96,88.98,82.37,88.77,2103162.907
1772467200000,88.77,90.29,86.35,86.64,1874998.007
1772496000000,86.65,87.32,85.23,85.58,876220.185
1772524800000,85.58,85.77,82.5,85.04,1654574.69
1772553600000,85.03,87.46,84.15,86.97,1605947.87
1772582400000,86.98,88.08,84.78,87.43,1386219.098
1772611200000,87.43,93.12,86.98,92.94,3187905.79
1772640000000,92.94,94.05,90.29,90.85,1755806.495
1772668800000,90.86,91.42,89.61,90.16,950565.563
1772697600000,90.16,92.96,88.8,89.62,1734077.552
1772726400000,89.61,89.85,87.91,88.77,1069067.493
1772755200000,88.78,89.31,87.51,88.7,729966.933
1772784000000,88.7,88.7,83.96,84.65,1580459.544
1772812800000,84.65,85.9,83.64,84.7,824898.165
1772841600000,84.69,85.07,83.9,84.32,461210.713
1772870400000,84.33,84.91,83.42,83.75,485847.896
1772899200000,83.75,84.08,82.28,83.22,518223.112
1772928000000,83.22,83.49,81.74,82.95,519492.775
1772956800000,82.95,84.13,81.18,82.06,784637.072
1772985600000,82.06,82.96,80.26,81.59,798835.84
1773014400000,81.6,84.61,81.54,83.18,1058744.15
1773043200000,83.18,85.75,82.94,85.05,1241870.378
1773072000000,85.05,87.06,84.26,84.96,1293442.761
1773100800000,84.95,86.99,84.83,86.7,1008398.189
1773129600000,86.71,88.61,84.91,88.33,1519860.622
1773158400000,88.34,88.8,85.01,85.88,1115636.323
1773187200000,85.88,86.88,85.14,85.45,662308.489
1773216000000,85.44,87.4,84.36,85.4,1400659.948
1773244800000,85.41,88.09,85.3,86.58,1119207.302
1773273600000,86.58,86.78,84.72,85.82,677471.281
1773302400000,85.82,87.69,85.12,86.58,1435962.595
1773331200000,86.57,87.23,85.68,86.84,800247.272
1773360000000,86.83,91.14,86.71,88.68,1906760.964
1773388800000,88.68,92.98,88.32,89.49,2042123.478
1773417600000,89.49,90.15,87.73,88.18,991494.175
1773446400000,88.17,88.71,86.92,87.33,608671.801
1773475200000,87.32,87.55,86.51,86.72,527543.225
1773504000000,86.72,88.16,86.62,88.03,361928.013
1773532800000,88.04,88.66,87.58,88.22,557138.482
1773561600000,88.22,88.88,87.36,87.9,448744.968
1773590400000,87.9,93.23,87.45,92.3,1608663.655
1773619200000,92.31,94.32,91.18,93.56,1989409.48
1773648000000,93.56,95.13,92.37,93.2,1976861.962
1773676800000,93.2,97.68,93.13,96.2,1655379.179
1773705600000,96.19,96.95,93.2,94.44,1214116.446
1773734400000,94.43,95.13,93.15,93.82,937622.679
1773763200000,93.82,95.62,93.72,94.62,681818.461
1773792000000,94.61,95.65,93.72,93.95,580650.244
1773820800000,93.95,94.44,88.55,89.37,1767374.218
1773849600000,89.36,90.86,88.61,90.08,945837.096
1773878400000,90.07,91.41,88.63,89.42,719361.968
1773907200000,89.41,90.48,87.15,87.63,1117338.994
1773936000000,87.63,89.32,87.0,88.89,772841.962
1773964800000,88.9,89.8,88.5,89.37,606656.688
1773993600000,89.38,90.45,88.51,88.94,1067256.909
1774022400000,88.94,90.26,88.13,89.84,527497.941
1774051200000,89.85,90.81,89.73,90.12,405688.758
1774080000000,90.12,90.42,89.39,89.82,329011.06
1774108800000,89.83,90.29,87.14,87.56,507145.407
1774137600000,87.55,89.2,86.26,87.7,967706.775
1774166400000,87.7,87.74,86.82,87.57,509943.856
1774195200000,87.58,87.71,85.14,86.2,660436.5
1774224000000,86.21,87.33,85.11,85.99,813697.534
1774252800000,86.0,92.26,85.19,89.95,2614456.355
1774281600000,89.96,92.02,89.4,91.43,1133552.499
1774310400000,91.44,91.89,89.96,91.72,694635.469
1774339200000,91.71,92.22,88.7,89.74,1493249.001
1774368000000,89.74,91.13,88.42,90.8,898158.056
1774396800000,90.8,92.96,90.71,91.81,1008856.209
1774425600000,91.82,93.47,91.0,91.77,1079493.074
1774454400000,91.77,92.73,91.03,91.7,564185.515
1774483200000,91.7,91.98,88.81,89.1,1062234.108
1774512000000,89.1,89.11,86.73,87.54,1230071.501
1774540800000,87.53,87.73,85.45,86.53,1273887.127
1774569600000,86.52,87.04,85.69,85.92,670340.268
1774598400000,85.92,86.14,82.5,83.35,1540610.794
1774627200000,83.36,83.44,81.86,83.11,629611.008
1774656000000,83.11,83.67,82.25,83.62,393985.158
1774684800000,83.62,84.29,82.6,83.83,881816.921
1774713600000,83.84,83.95,81.69,82.09,391208.02
1774742400000,82.09,83.24,81.87,82.45,390042.072
1774771200000,82.45,82.84,81.36,81.81,431054.148
1774800000000,81.82,82.23,78.96,81.44,803577.255
1774828800000,81.45,84.26,81.15,84.02,1145900.783
1774857600000,84.01,84.99,83.55,84.51,1024729.371
1774886400000,84.5,84.55,81.96,82.54,855224.533
1774915200000,82.55,84.62,82.15,83.1,859178.236
1774944000000,83.1,83.35,80.08,80.86,2263824.105
1774972800000,80.87,83.47,80.87,83.2,1149565.085
1775001600000,83.19,84.74,82.48,83.84,979954.018
1775030400000,83.84,84.06,82.4,83.63,1106808.582
1775059200000,83.62,86.65,80.77,81.18,2589973.52
1775088000000,81.19,81.77,78.3,79.65,1935813.533
1775116800000,79.64,79.73,76.7,79.03,1512118.635
1775145600000,79.03,79.88,78.43,78.94,762092.095
1775174400000,78.95,80.16,78.85,79.96,725432.717
1775203200000,79.96,80.91,79.17,80.33,887499.293
1775232000000,80.33,80.73,79.87,80.4,617907.73
1775260800000,80.39,80.54,80.06,80.32,336618.859
1775289600000,80.32,81.61,79.57,81.1,591298.698
1775318400000,81.1,81.35,80.61,80.83,635013.21
1775347200000,80.84,80.85,79.41,79.6,439872.183
1775376000000,79.59,80.33,78.52,79.6,547487.479
1775404800000,79.59,82.13,79.1,81.89,745078.896
1775433600000,81.89,82.97,80.97,81.82,1027134.271
1775462400000,81.83,83.2,81.71,82.27,925322.088
1775491200000,82.28,82.48,79.6,80.03,777914.205
1775520000000,80.03,80.23,79.31,79.87,664854.08
1775548800000,79.87,80.59,78.38,78.86,1028667.365
1775577600000,78.86,87.02,78.65,85.56,2619077.075
1775606400000,85.56,85.9,83.89,84.5,1032079.622
1775635200000,84.51,84.98,82.51,83.34,1266783.232
1775664000000,83.33,84.18,82.24,82.57,653895.694
1775692800000,82.56,82.67,81.7,82.29,703001.89
1775721600000,82.29,83.94,81.4,83.75,754327.142
1775750400000,83.75,85.95,82.92,83.33,1318598.597
1775779200000,83.33,83.79,82.62,82.95,588291.065
1775808000000,82.95,85.58,82.7,84.24,1126133.475
1775836800000,84.25,85.67,84.14,84.83,471653.803
1775865600000,84.83,84.93,83.87,84.28,347650.576
1775894400000,84.27,84.88,83.8,84.66,514795.398
1775923200000,84.67,86.26,84.52,84.93,708455.909
1775952000000,84.94,85.0,81.84,82.27,862906.573
1775980800000,82.28,82.56,81.27,81.59,779120.791
1776009600000,81.59,82.88,81.27,81.53,532764.502
1776038400000,81.54,82.6,81.4,82.17,461102.064
1776067200000,82.17,83.82,81.64,82.65,972994.263
1776096000000,82.66,86.81,82.34,86.51,1516294.088
1776124800000,86.51,86.75,85.37,85.88,1042761.974
1776153600000,85.88,87.67,85.25,85.95,1446700.561
1776182400000,85.95,86.17,83.3,83.72,1043522.157
1776211200000,83.72,84.06,82.65,82.92,857331.896
1776240000000,82.92,84.49,82.71,84.0,866959.037
1776268800000,84.0,85.83,83.9,84.9,878157.66
1776297600000,84.9,85.71,84.45,85.21,512231.085
1776326400000,85.21,87.13,83.8,86.62,1415011.821
1776355200000,86.62,90.53,85.63,89.05,2013048.435
1776384000000,89.06,89.19,87.36,88.12,717529.233
1776412800000,88.13,90.73,87.34,89.95,2741595.332
1776441600000,89.95,90.59,88.5,88.76,778083.823
1776470400000,88.77,89.16,88.16,88.45,504395.459
1776499200000,88.45,88.5,86.28,86.75,926697.479
1776528000000,86.75,86.98,85.78,86.16,462097.605
1776556800000,86.15,86.38,84.43,84.88,661200.636
1776585600000,84.88,87.12,84.44,86.36,1009169.734
1776614400000,86.35,86.5,82.94,83.47,924478.695
1776643200000,83.47,85.76,83.34,84.73,714698.17
1776672000000,84.74,85.88,84.42,85.86,929314.325
1776700800000,85.86,86.22,85.21,85.28,656334.255
1776729600000,85.29,85.98,85.0,85.71,574869.656
1776758400000,85.71,86.89,85.17,86.05,706378.82
1776787200000,86.05,86.3,84.31,86.03,830338.793
1776816000000,86.04,88.33,86.01,88.05,1200370.572
1776844800000,88.06,89.32,87.6,88.18,1237915.228
1776873600000,88.19,88.46,86.81,86.87,716586.035
1776902400000,86.86,87.18,85.48,85.9,751771.036
1776931200000,85.91,86.66,85.2,86.35,917043.442
1776960000000,86.36,86.42,84.48,86.12,1225848.761
1776988800000,86.12,86.36,85.14,85.51,512029.674
1777017600000,85.5,86.79,84.92,86.52,871194.061
1777046400000,86.52,86.94,85.95,86.18,435350.928
1777075200000,86.18,86.66,86.03,86.36,256541.379
1777104000000,86.36,86.8,86.1,86.22,315114.775
1777132800000,86.22,86.33,85.53,86.18,462276.282
1777161600000,86.19,86.73,85.84,86.62,445698.408
1777190400000,86.63,86.76,85.9,86.56,447019.256
1777219200000,86.55,87.32,86.19,86.93,560783.788
1777248000000,86.93,88.08,85.26,85.27,1460987.1
1777276800000,85.27,85.83,83.63,84.17,1062160.024
1777305600000,84.17,84.9,83.83,84.82,485954.567
1777334400000,84.82,84.93,83.65,84.02,710426.218
1777363200000,84.01,84.19,82.98,83.46,556719.914
1777392000000,83.46,84.15,83.32,84.06,397248.311
1777420800000,84.06,85.06,83.81,84.71,513780.021
1777449600000,84.71,85.56,83.0,83.26,1143613.632
1777478400000,83.25,83.65,81.4,83.04,918669.943
1777507200000,83.05,84.01,82.16,83.35,577166.144
1777536000000,83.35,83.83,82.69,83.36,499092.412
1777564800000,83.36,83.43,82.78,83.09,296333.055
1777593600000,83.09,84.38,83.08,83.96,553314.889
1777622400000,83.96,84.86,83.69,84.47,732180.765
1777651200000,84.46,84.63,83.33,83.76,512572.305
1777680000000,83.76,84.18,83.44,83.74,277623.066
1777708800000,83.73,84.17,83.52,84.04,349168.939
1777737600000,84.04,84.97,83.95,84.26,400967.494
1777766400000,84.26,84.31,83.58,83.88,384917.636
1777795200000,83.88,84.45,83.75,84.16,362806.749
1777824000000,84.16,84.97,83.87,83.91,520923.137
1777852800000,83.91,85.9,83.35,84.87,1520437.795
1777881600000,84.87,85.32,83.23,84.47,1357031.341
1777910400000,84.47,85.19,83.98,84.1,591838.082
1777939200000,84.11,85.12,84.04,84.87,723680.363
1777968000000,84.88,86.1,84.43,85.5,899249.616
1777996800000,85.5,86.98,85.0,86.29,855958.147
1778025600000,86.29,87.89,86.1,87.7,887259.406
1778054400000,87.71,90.03,87.47,88.97,1966060.941
1778083200000,88.97,89.62,88.5,89.16,629935.683
1778112000000,89.16,90.44,87.63,90.16,913850.793
1778140800000,90.17,90.27,87.79,88.32,1251423.128
1778169600000,88.32,89.05,87.67,88.42,726906.58
1778198400000,88.43,88.65,87.6,88.22,614515.904
1778227200000,88.23,89.6,88.01,89.59,808360.423
1778256000000,89.6,92.8,89.34,92.01,1221558.532
1778284800000,92.02,94.17,91.85,93.76,1072526.094
1778313600000,93.76,93.95,92.39,93.01,555696.931
1778342400000,93.01,93.65,92.69,93.13,346049.671
1778371200000,93.12,93.63,92.6,93.46,460139.978
1778400000000,93.46,94.8,92.91,94.53,832553.905
1778428800000,94.53,97.0,93.43,96.47,1266475.112
1778457600000,96.46,96.67,94.43,95.33,984677.934
1778486400000,95.34,96.8,94.3,96.8,1139072.352
1778515200000,96.79,98.41,96.5,97.37,954299.679
1778544000000,97.37,97.68,95.54,96.05,789252.646
1778572800000,96.05,96.15,93.55,93.85,1405582.899
1778601600000,93.85,95.05,93.6,94.28,615201.814
1778630400000,94.28,95.99,94.05,95.14,654861.002
1778659200000,95.14,95.89,90.27,90.43,1678632.235
1778688000000,90.43,91.41,90.41,91.17,859078.565
1778716800000,91.17,92.02,89.82,90.88,859436.766
1778745600000,90.88,93.25,90.54,93.16,944331.239
1778774400000,93.16,93.68,92.11,92.15,905357.803
1778803200000,92.16,92.66,90.26,91.6,966005.958
1778832000000,91.61,91.65,88.55,89.04,1147290.786
1778860800000,89.04,90.09,88.81,89.24,562546.887
1778889600000,89.23,89.44,86.72,87.47,852095.866
1778918400000,87.46,87.62,85.52,86.5,808138.78
1778947200000,86.49,86.97,86.37,86.54,302786.948
1778976000000,86.53,87.29,85.59,86.97,513288.852
1779004800000,86.98,87.26,85.95,86.46,506677.523
1779033600000,86.46,86.97,83.5,85.24,894198.869
1779062400000,85.23,85.47,84.27,84.76,986496.7
1779091200000,84.76,85.8,83.62,84.2,1051816.197
1779120000000,84.21,85.77,83.5,85.38,733548.447
1779148800000,85.38,85.97,84.47,85.51,512396.755
1779177600000,85.51,85.59,83.7,84.37,727753.744
1779206400000,84.38,85.04,84.0,84.29,422835.717
1779235200000,84.3,85.13,83.85,84.77,450137.025
1779264000000,84.76,86.27,84.19,85.92,836546.428
1779292800000,85.92,87.09,85.53,86.17,1078468.985
1779321600000,86.17,87.22,86.11,86.64,635043.83
1779350400000,86.64,87.27,85.32,86.46,1066930.526
1779379200000,86.46,88.0,86.04,87.36,952347.544
1779408000000,87.35,87.38,86.52,86.97,451278.605
1779436800000,86.98,87.85,86.27,86.77,763039.88
1779465600000,86.76,87.19,84.0,84.4,994166.178
1779494400000,84.4,84.86,81.5,82.25,989645.362
1779523200000,82.25,84.54,81.63,84.1,855397.989
1779552000000,84.09,87.5,83.93,85.75,1128058.36
1779580800000,85.76,86.7,85.58,86.07,372422.815
1779609600000,86.07,87.0,84.48,85.31,796756.244
1779638400000,85.3,85.88,83.7,85.27,917478.344
1779667200000,85.27,86.19,84.8,85.96,598599.957
1779696000000,85.95,86.52,85.66,86.26,466079.899
1779724800000,86.26,86.44,84.71,85.06,497555.609
1779753600000,85.06,85.09,83.85,84.35,599051.033
1779782400000,84.36,86.13,84.03,84.49,1114546.639
1779811200000,84.49,84.57,83.15,83.72,645179.758
1779840000000,83.73,84.21,82.86,84.21,402971.914
1779868800000,84.2,84.84,82.98,84.44,888966.094
1779897600000,84.44,84.75,82.1,82.44,827518.355
1779926400000,82.43,82.76,80.0,81.26,1091249.479
1779955200000,81.26,81.66,80.02,81.14,690468.476
1779984000000,81.15,83.01,80.91,82.11,525197.525
1780012800000,82.12,82.49,81.36,82.24,502502.059
1780041600000,82.25,83.24,80.35,82.59,966970.052
1780070400000,82.58,83.22,81.6,82.04,594805.535
1780099200000,82.04,83.1,81.86,82.37,397413.534
1780128000000,82.37,82.92,82.19,82.69,322564.909
1780156800000,82.68,83.17,82.45,82.73,298511.801
1780185600000,82.74,83.42,82.52,82.66,291375.31
1780214400000,82.67,83.12,81.79,81.88,370190.663
1780243200000,81.88,82.92,81.33,82.44,332314.693
1780272000000,82.45,83.1,80.63,80.74,540987.241
1780300800000,80.74,81.29,79.2,79.6,1033646.388
1780329600000,79.61,81.65,79.11,81.28,734513.767
1780358400000,81.28,81.3,79.16,79.67,639156.552
1780387200000,79.67,79.8,75.58,76.38,1334830.481
1780416000000,76.38,77.67,75.79,75.84,511481.207
